<?xml version="1.0"?>
<?mso-application progid="Excel.Sheet"?>
<Workbook
  xmlns:x="urn:schemas-microsoft-com:office:excel"
  xmlns="urn:schemas-microsoft-com:office:spreadsheet"
  xmlns:ss="urn:schemas-microsoft-com:office:spreadsheet">

<Styles>
 <Style ss:ID="Default" ss:Name="Normal">
  <Alignment ss:Vertical="Bottom"/>
  <Borders/>
  <Font/>
  <Interior/>
  <NumberFormat/>
  <Protection/>
 </Style>
 <Style ss:ID="s27">
  <Font x:Family="Swiss" ss:Color="#0000FF" ss:Bold="1"/>
 </Style>
 <Style ss:ID="s21">
  <NumberFormat ss:Format="yyyy\-mm\-dd"/>
 </Style>
 <Style ss:ID="s22">
  <NumberFormat ss:Format="yyyy\-mm\-dd\ hh:mm:ss"/>
 </Style>
 <Style ss:ID="s23">
  <NumberFormat ss:Format="hh:mm:ss"/>
 </Style>
</Styles>

 <Worksheet ss:Name="Sheet1">
  <ss:Table>
   <ss:Row>
    <ss:Cell  ss:StyleID="s27"><Data ss:Type="String">id_akun3</Data></ss:Cell>
    <ss:Cell  ss:StyleID="s27"><Data ss:Type="String">nama_akun3</Data></ss:Cell>
    <ss:Cell  ss:StyleID="s27"><Data ss:Type="String">NilaiAwal</Data></ss:Cell>
    <ss:Cell  ss:StyleID="s27"><Data ss:Type="String">Nilai</Data></ss:Cell>
    <ss:Cell  ss:StyleID="s27"><Data ss:Type="String">id_akun2</Data></ss:Cell>
    <ss:Cell  ss:StyleID="s27"><Data ss:Type="String">nama_akun2</Data></ss:Cell>
    <ss:Cell  ss:StyleID="s27"><Data ss:Type="String">id_akun1</Data></ss:Cell>
    <ss:Cell  ss:StyleID="s27"><Data ss:Type="String">id_akun1</Data></ss:Cell>
    <ss:Cell  ss:StyleID="s27"><Data ss:Type="String">nama_akun1</Data></ss:Cell>
    <ss:Cell  ss:StyleID="s27"><Data ss:Type="String">id_djt</Data></ss:Cell>
   </ss:Row>
   <ss:Row>
    <ss:Cell><Data ss:Type="String">11020</Data></ss:Cell>
    <ss:Cell><Data ss:Type="String">Invenstasi Jangka Pendek</Data></ss:Cell>
    <ss:Cell><Data ss:Type="Number">0</Data></ss:Cell>
    <ss:Cell><Data ss:Type="Number">555555</Data></ss:Cell>
    <ss:Cell><Data ss:Type="String">110</Data></ss:Cell>
    <ss:Cell><Data ss:Type="String">Aset Lancar</Data></ss:Cell>
    <ss:Cell><Data ss:Type="String">1</Data></ss:Cell>
    <ss:Cell><Data ss:Type="String">1</Data></ss:Cell>
    <ss:Cell><Data ss:Type="String">Aset</Data></ss:Cell>
    <ss:Cell><Data ss:Type="Number">51</Data></ss:Cell>
   </ss:Row>
   <ss:Row>
    <ss:Cell><Data ss:Type="String">21060</Data></ss:Cell>
    <ss:Cell><Data ss:Type="String">Liabilitas Imbalan Kerja</Data></ss:Cell>
    <ss:Cell><Data ss:Type="Number">0</Data></ss:Cell>
    <ss:Cell><Data ss:Type="Number">555555</Data></ss:Cell>
    <ss:Cell><Data ss:Type="String">210</Data></ss:Cell>
    <ss:Cell><Data ss:Type="String">Liabilitas Jangka Pendek</Data></ss:Cell>
    <ss:Cell><Data ss:Type="String">2</Data></ss:Cell>
    <ss:Cell><Data ss:Type="String">2</Data></ss:Cell>
    <ss:Cell><Data ss:Type="String">Liabilitas</Data></ss:Cell>
    <ss:Cell><Data ss:Type="Number">51</Data></ss:Cell>
   </ss:Row>
  </ss:Table>
 </Worksheet>
</Workbook>