<?xml version="1.0"?>
<?mso-application progid="Excel.Sheet"?>
<Workbook
  xmlns:x="urn:schemas-microsoft-com:office:excel"
  xmlns="urn:schemas-microsoft-com:office:spreadsheet"
  xmlns:ss="urn:schemas-microsoft-com:office:spreadsheet">

<Styles>
 <Style ss:ID="Default" ss:Name="Normal">
  <Alignment ss:Vertical="Bottom"/>
  <Borders/>
  <Font/>
  <Interior/>
  <NumberFormat/>
  <Protection/>
 </Style>
 <Style ss:ID="s27">
  <Font x:Family="Swiss" ss:Color="#0000FF" ss:Bold="1"/>
 </Style>
 <Style ss:ID="s21">
  <NumberFormat ss:Format="yyyy\-mm\-dd"/>
 </Style>
 <Style ss:ID="s22">
  <NumberFormat ss:Format="yyyy\-mm\-dd\ hh:mm:ss"/>
 </Style>
 <Style ss:ID="s23">
  <NumberFormat ss:Format="hh:mm:ss"/>
 </Style>
</Styles>

 <Worksheet ss:Name="Sheet1">
  <ss:Table>
   <ss:Row>
    <ss:Cell  ss:StyleID="s27"><Data ss:Type="String">no_bukti</Data></ss:Cell>
    <ss:Cell  ss:StyleID="s27"><Data ss:Type="String">no_urut</Data></ss:Cell>
    <ss:Cell  ss:StyleID="s27"><Data ss:Type="String">id_akun3</Data></ss:Cell>
    <ss:Cell  ss:StyleID="s27"><Data ss:Type="String">dk</Data></ss:Cell>
    <ss:Cell  ss:StyleID="s27"><Data ss:Type="String">debet</Data></ss:Cell>
    <ss:Cell  ss:StyleID="s27"><Data ss:Type="String">kredit</Data></ss:Cell>
   </ss:Row>
   <ss:Row>
    <ss:Cell><Data ss:Type="String">OM-201129000</Data></ss:Cell>
    <ss:Cell><Data ss:Type="Number">1</Data></ss:Cell>
    <ss:Cell><Data ss:Type="String">11040</Data></ss:Cell>
    <ss:Cell><Data ss:Type="String">D</Data></ss:Cell>
    <ss:Cell><Data ss:Type="Number">12000000</Data></ss:Cell>
    <ss:Cell><Data ss:Type="Number">0</Data></ss:Cell>
   </ss:Row>
   <ss:Row>
    <ss:Cell><Data ss:Type="String">OM-201129000</Data></ss:Cell>
    <ss:Cell><Data ss:Type="Number">2</Data></ss:Cell>
    <ss:Cell><Data ss:Type="String">41010</Data></ss:Cell>
    <ss:Cell><Data ss:Type="String">K</Data></ss:Cell>
    <ss:Cell><Data ss:Type="Number">0</Data></ss:Cell>
    <ss:Cell><Data ss:Type="Number">12000000</Data></ss:Cell>
   </ss:Row>
   <ss:Row>
    <ss:Cell><Data ss:Type="String">OM-201129001</Data></ss:Cell>
    <ss:Cell><Data ss:Type="Number">1</Data></ss:Cell>
    <ss:Cell><Data ss:Type="String">51010</Data></ss:Cell>
    <ss:Cell><Data ss:Type="String">D</Data></ss:Cell>
    <ss:Cell><Data ss:Type="Number">5000000</Data></ss:Cell>
    <ss:Cell><Data ss:Type="Number">0</Data></ss:Cell>
   </ss:Row>
   <ss:Row>
    <ss:Cell><Data ss:Type="String">OM-201129001</Data></ss:Cell>
    <ss:Cell><Data ss:Type="Number">2</Data></ss:Cell>
    <ss:Cell><Data ss:Type="String">11010</Data></ss:Cell>
    <ss:Cell><Data ss:Type="String">K</Data></ss:Cell>
    <ss:Cell><Data ss:Type="Number">0</Data></ss:Cell>
    <ss:Cell><Data ss:Type="Number">5000000</Data></ss:Cell>
   </ss:Row>
   <ss:Row>
    <ss:Cell><Data ss:Type="String">OM-201129002</Data></ss:Cell>
    <ss:Cell><Data ss:Type="Number">1</Data></ss:Cell>
    <ss:Cell><Data ss:Type="String">11040</Data></ss:Cell>
    <ss:Cell><Data ss:Type="String">D</Data></ss:Cell>
    <ss:Cell><Data ss:Type="Number">10000000</Data></ss:Cell>
    <ss:Cell><Data ss:Type="Number">0</Data></ss:Cell>
   </ss:Row>
   <ss:Row>
    <ss:Cell><Data ss:Type="String">OM-201129002</Data></ss:Cell>
    <ss:Cell><Data ss:Type="Number">2</Data></ss:Cell>
    <ss:Cell><Data ss:Type="String">41010</Data></ss:Cell>
    <ss:Cell><Data ss:Type="String">K</Data></ss:Cell>
    <ss:Cell><Data ss:Type="Number">0</Data></ss:Cell>
    <ss:Cell><Data ss:Type="Number">10000000</Data></ss:Cell>
   </ss:Row>
   <ss:Row>
    <ss:Cell><Data ss:Type="String">OM-201129003</Data></ss:Cell>
    <ss:Cell><Data ss:Type="Number">1</Data></ss:Cell>
    <ss:Cell><Data ss:Type="String">51020</Data></ss:Cell>
    <ss:Cell><Data ss:Type="String">D</Data></ss:Cell>
    <ss:Cell><Data ss:Type="Number">2000000</Data></ss:Cell>
    <ss:Cell><Data ss:Type="Number">0</Data></ss:Cell>
   </ss:Row>
   <ss:Row>
    <ss:Cell><Data ss:Type="String">OM-201129003</Data></ss:Cell>
    <ss:Cell><Data ss:Type="Number">2</Data></ss:Cell>
    <ss:Cell><Data ss:Type="String">11010</Data></ss:Cell>
    <ss:Cell><Data ss:Type="String">K</Data></ss:Cell>
    <ss:Cell><Data ss:Type="Number">0</Data></ss:Cell>
    <ss:Cell><Data ss:Type="Number">2000000</Data></ss:Cell>
   </ss:Row>
  </ss:Table>
 </Worksheet>
</Workbook>