<?xml version="1.0"?>
<?mso-application progid="Excel.Sheet"?>
<Workbook xmlns="urn:schemas-microsoft-com:office:spreadsheet"
 xmlns:o="urn:schemas-microsoft-com:office:office"
 xmlns:x="urn:schemas-microsoft-com:office:excel"
 xmlns:ss="urn:schemas-microsoft-com:office:spreadsheet"
 xmlns:html="http://www.w3.org/TR/REC-html40">
 <DocumentProperties xmlns="urn:schemas-microsoft-com:office:office">
  <LastAuthor>awid3421@gmail.com</LastAuthor>
  <LastSaved>2020-12-02T16:16:23Z</LastSaved>
  <Version>15.00</Version>
 </DocumentProperties>
 <OfficeDocumentSettings xmlns="urn:schemas-microsoft-com:office:office">
  <AllowPNG/>
 </OfficeDocumentSettings>
 <ExcelWorkbook xmlns="urn:schemas-microsoft-com:office:excel">
  <WindowHeight>8340</WindowHeight>
  <WindowWidth>20490</WindowWidth>
  <WindowTopX>0</WindowTopX>
  <WindowTopY>0</WindowTopY>
  <ProtectStructure>False</ProtectStructure>
  <ProtectWindows>False</ProtectWindows>
 </ExcelWorkbook>
 <Styles>
  <Style ss:ID="Default" ss:Name="Normal">
   <Alignment ss:Vertical="Bottom"/>
   <Borders/>
   <Font ss:FontName="Arial"/>
   <Interior/>
   <NumberFormat/>
   <Protection/>
  </Style>
  <Style ss:ID="s16" ss:Name="Comma">
   <NumberFormat ss:Format="_(* #,##0.00_);_(* \(#,##0.00\);_(* &quot;-&quot;??_);_(@_)"/>
  </Style>
  <Style ss:ID="s62">
   <Font ss:FontName="Arial" x:Family="Swiss" ss:Color="#0000FF" ss:Bold="1"/>
  </Style>
  <Style ss:ID="s63" ss:Parent="s16">
   <Font ss:FontName="Arial"/>
  </Style>
 </Styles>
 <Worksheet ss:Name="Sheet1">
  <Table ss:ExpandedColumnCount="6" ss:ExpandedRowCount="25" x:FullColumns="1"
   x:FullRows="1">
   <Column ss:Index="4" ss:Width="71.25"/>
   <Column ss:Index="6" ss:Width="78.75"/>
   <Row>
    <Cell ss:StyleID="s62"><Data ss:Type="String">no_bukti</Data></Cell>
    <Cell ss:StyleID="s62"><Data ss:Type="String">no_urut</Data></Cell>
    <Cell ss:StyleID="s62"><Data ss:Type="String">id_akun3</Data></Cell>
    <Cell ss:StyleID="s62"><Data ss:Type="String">dk</Data></Cell>
    <Cell ss:StyleID="s62"><Data ss:Type="String">debet</Data></Cell>
    <Cell ss:StyleID="s62"><Data ss:Type="String">kredit</Data></Cell>
   </Row>
   <Row>
    <Cell><Data ss:Type="String">OM-201129003</Data></Cell>
    <Cell><Data ss:Type="Number">2</Data></Cell>
    <Cell><Data ss:Type="String">11010</Data></Cell>
    <Cell><Data ss:Type="String">K</Data></Cell>
    <Cell><Data ss:Type="Number">0</Data></Cell>
    <Cell><Data ss:Type="Number">2000000</Data></Cell>
   </Row>
   <Row>
    <Cell><Data ss:Type="String">OM-201129001</Data></Cell>
    <Cell><Data ss:Type="Number">2</Data></Cell>
    <Cell><Data ss:Type="String">11010</Data></Cell>
    <Cell><Data ss:Type="String">K</Data></Cell>
    <Cell><Data ss:Type="Number">0</Data></Cell>
    <Cell><Data ss:Type="Number">5000000</Data></Cell>
   </Row>
   <Row>
    <Cell><Data ss:Type="String">OB-201202001</Data></Cell>
    <Cell><Data ss:Type="Number">1</Data></Cell>
    <Cell><Data ss:Type="String">11020</Data></Cell>
    <Cell><Data ss:Type="String">D</Data></Cell>
    <Cell><Data ss:Type="Number">555555</Data></Cell>
    <Cell><Data ss:Type="Number">0</Data></Cell>
   </Row>
   <Row>
    <Cell><Data ss:Type="String">OM-201129000</Data></Cell>
    <Cell><Data ss:Type="Number">1</Data></Cell>
    <Cell><Data ss:Type="String">11040</Data></Cell>
    <Cell><Data ss:Type="String">D</Data></Cell>
    <Cell><Data ss:Type="Number">12000000</Data></Cell>
    <Cell><Data ss:Type="Number">0</Data></Cell>
   </Row>
   <Row>
    <Cell><Data ss:Type="String">OM-201129002</Data></Cell>
    <Cell><Data ss:Type="Number">1</Data></Cell>
    <Cell><Data ss:Type="String">11040</Data></Cell>
    <Cell><Data ss:Type="String">D</Data></Cell>
    <Cell><Data ss:Type="Number">10000000</Data></Cell>
    <Cell><Data ss:Type="Number">0</Data></Cell>
   </Row>
   <Row>
    <Cell><Data ss:Type="String">OB-201202001</Data></Cell>
    <Cell><Data ss:Type="Number">2</Data></Cell>
    <Cell><Data ss:Type="String">21060</Data></Cell>
    <Cell><Data ss:Type="String">K</Data></Cell>
    <Cell><Data ss:Type="Number">0</Data></Cell>
    <Cell><Data ss:Type="Number">555555</Data></Cell>
   </Row>
   <Row>
    <Cell><Data ss:Type="String">OM-201129000</Data></Cell>
    <Cell><Data ss:Type="Number">2</Data></Cell>
    <Cell><Data ss:Type="String">41010</Data></Cell>
    <Cell><Data ss:Type="String">K</Data></Cell>
    <Cell><Data ss:Type="Number">0</Data></Cell>
    <Cell><Data ss:Type="Number">12000000</Data></Cell>
   </Row>
   <Row>
    <Cell><Data ss:Type="String">OM-201129002</Data></Cell>
    <Cell><Data ss:Type="Number">2</Data></Cell>
    <Cell><Data ss:Type="String">41010</Data></Cell>
    <Cell><Data ss:Type="String">K</Data></Cell>
    <Cell><Data ss:Type="Number">0</Data></Cell>
    <Cell><Data ss:Type="Number">10000000</Data></Cell>
   </Row>
   <Row>
    <Cell><Data ss:Type="String">OM-201129001</Data></Cell>
    <Cell><Data ss:Type="Number">1</Data></Cell>
    <Cell><Data ss:Type="String">51010</Data></Cell>
    <Cell><Data ss:Type="String">D</Data></Cell>
    <Cell><Data ss:Type="Number">5000000</Data></Cell>
    <Cell><Data ss:Type="Number">0</Data></Cell>
   </Row>
   <Row>
    <Cell><Data ss:Type="String">OM-201129003</Data></Cell>
    <Cell><Data ss:Type="Number">1</Data></Cell>
    <Cell><Data ss:Type="String">51020</Data></Cell>
    <Cell><Data ss:Type="String">D</Data></Cell>
    <Cell><Data ss:Type="Number">2000000</Data></Cell>
    <Cell><Data ss:Type="Number">0</Data></Cell>
   </Row>
   <Row ss:Index="18">
    <Cell ss:Index="4"><Data ss:Type="String">D</Data></Cell>
    <Cell><Data ss:Type="String">K</Data></Cell>
   </Row>
   <Row>
    <Cell ss:Index="3"><Data ss:Type="String">11010</Data></Cell>
    <Cell ss:StyleID="s63"
     ss:Formula="=+R[-17]C[1]+R[-16]C[1]-R[-17]C[2]-R[-16]C[2]"><Data
      ss:Type="Number">-7000000</Data></Cell>
   </Row>
   <Row>
    <Cell ss:Index="3"><Data ss:Type="String">11020</Data></Cell>
    <Cell ss:Formula="=+R[-16]C[1]"><Data ss:Type="Number">555555</Data></Cell>
   </Row>
   <Row>
    <Cell ss:Index="3"><Data ss:Type="String">11040</Data></Cell>
    <Cell ss:Formula="=+R[-16]C[1]+R[-15]C[1]"><Data ss:Type="Number">22000000</Data></Cell>
   </Row>
   <Row>
    <Cell ss:Index="3"><Data ss:Type="String">21060</Data></Cell>
    <Cell ss:Index="5" ss:Formula="=+R[-15]C[1]"><Data ss:Type="Number">555555</Data></Cell>
   </Row>
   <Row ss:Index="24">
    <Cell ss:Index="6" ss:StyleID="s63"/>
   </Row>
   <Row>
    <Cell ss:Index="6" ss:StyleID="s63"/>
   </Row>
  </Table>
  <WorksheetOptions xmlns="urn:schemas-microsoft-com:office:excel">
   <Selected/>
   <Panes>
    <Pane>
     <Number>3</Number>
     <ActiveRow>20</ActiveRow>
     <ActiveCol>3</ActiveCol>
    </Pane>
   </Panes>
   <ProtectObjects>False</ProtectObjects>
   <ProtectScenarios>False</ProtectScenarios>
  </WorksheetOptions>
 </Worksheet>
</Workbook>
